{"cameraMode":{"drawMode":0,"name":"Shaded","section":"Shading Mode"},"sceneLighting":false,"audioPlay":false,"sceneViewState":{"m_AlwaysRefresh":false,"showFog":true,"showSkybox":false,"showFlares":true,"showImageEffects":true,"showParticleSystems":true,"showVisualEffectGraphs":true,"m_FxEnabled":true},"in2DMode":false,"pivot":{"x":0.26296550035476687,"y":0.2855570316314697,"z":0.0194493867456913},"rotation":{"x":0.012007882818579674,"y":-0.016202416270971299,"z":0.00019301840802654624,"w":0.999799907207489},"size":1.1858540773391724,"orthographic":false}