{"cameraMode":{"drawMode":0,"name":"Shaded","section":"Shading Mode"},"sceneLighting":false,"audioPlay":false,"sceneViewState":{"m_AlwaysRefresh":false,"showFog":true,"showSkybox":false,"showFlares":true,"showImageEffects":true,"showParticleSystems":true,"showVisualEffectGraphs":true,"m_FxEnabled":true},"in2DMode":false,"pivot":{"x":0.5972352623939514,"y":0.28881171345710757,"z":0.022771120071411134},"rotation":{"x":-0.01797562651336193,"y":0.03927956894040108,"z":0.0007049672421999276,"w":0.9990715384483337},"size":1.4778045415878297,"orthographic":false}