{"cameraMode":{"drawMode":0,"name":"Shaded","section":"Shading Mode"},"sceneLighting":false,"audioPlay":false,"sceneViewState":{"m_AlwaysRefresh":false,"showFog":true,"showSkybox":false,"showFlares":true,"showImageEffects":true,"showParticleSystems":true,"showVisualEffectGraphs":true,"m_FxEnabled":true},"in2DMode":false,"pivot":{"x":-0.3859420120716095,"y":0.17887231707572938,"z":0.02270420268177986},"rotation":{"x":0.019497156143188478,"y":-0.03419119864702225,"z":0.0006655698525719345,"w":0.9992285966873169},"size":1.1858540773391724,"orthographic":false}