{"cameraMode":{"drawMode":0,"name":"Shaded","section":"Shading Mode"},"sceneLighting":false,"audioPlay":false,"sceneViewState":{"m_AlwaysRefresh":false,"showFog":true,"showSkybox":false,"showFlares":true,"showImageEffects":true,"showParticleSystems":true,"showVisualEffectGraphs":true,"m_FxEnabled":true},"in2DMode":false,"pivot":{"x":0.030009707435965539,"y":0.3520548641681671,"z":0.6751734614372253},"rotation":{"x":0.023953186348080636,"y":-0.06713458150625229,"z":0.0016117250779643655,"w":0.9974572062492371},"size":1.7516849040985108,"orthographic":false}