{"cameraMode":{"drawMode":0,"name":"Shaded","section":"Shading Mode"},"sceneLighting":false,"audioPlay":false,"sceneViewState":{"m_AlwaysRefresh":false,"showFog":true,"showSkybox":false,"showFlares":true,"showImageEffects":true,"showParticleSystems":true,"showVisualEffectGraphs":true,"m_FxEnabled":true},"in2DMode":false,"pivot":{"x":0.9991937875747681,"y":0.35025542974472048,"z":-1.5188381671905518},"rotation":{"x":0.08088050782680512,"y":0.03168615326285362,"z":-0.002573020989075303,"w":0.9962203502655029},"size":0.8660253882408142,"orthographic":false}