{"cameraMode":{"drawMode":0,"name":"Shaded","section":"Shading Mode"},"sceneLighting":false,"audioPlay":false,"sceneViewState":{"m_AlwaysRefresh":false,"showFog":true,"showSkybox":false,"showFlares":true,"showImageEffects":true,"showParticleSystems":true,"showVisualEffectGraphs":true,"m_FxEnabled":true},"in2DMode":false,"pivot":{"x":0.2454935908317566,"y":0.20581984519958497,"z":0.07200819998979569},"rotation":{"x":0.06128564476966858,"y":-0.07747960090637207,"z":0.004771226551383734,"w":0.9950997829437256},"size":1.420882225036621,"orthographic":false}