{"cameraMode":{"drawMode":0,"name":"Shaded","section":"Shading Mode"},"sceneLighting":false,"audioPlay":false,"sceneViewState":{"m_AlwaysRefresh":false,"showFog":true,"showSkybox":false,"showFlares":true,"showImageEffects":true,"showParticleSystems":true,"showVisualEffectGraphs":true,"m_FxEnabled":true},"in2DMode":false,"pivot":{"x":0.649776816368103,"y":0.4323984384536743,"z":-0.26393359899520876},"rotation":{"x":0.05098630115389824,"y":0.0077855573035776619,"z":-0.0003990709374193102,"w":0.9986742734909058},"size":1.6394418478012086,"orthographic":false}