{"cameraMode":{"drawMode":0,"name":"Shaded","section":"Shading Mode"},"sceneLighting":false,"audioPlay":false,"sceneViewState":{"m_AlwaysRefresh":false,"showFog":true,"showSkybox":false,"showFlares":true,"showImageEffects":true,"showParticleSystems":true,"showVisualEffectGraphs":true,"m_FxEnabled":true},"in2DMode":false,"pivot":{"x":0.07326550036668778,"y":0.16747060418128968,"z":-0.03718799352645874},"rotation":{"x":0.08690021932125092,"y":0.00029451263253577054,"z":-0.000026223427994409576,"w":0.9962199330329895},"size":1.3747726678848267,"orthographic":false}