{"cameraMode":{"drawMode":0,"name":"Shaded","section":"Shading Mode"},"sceneLighting":false,"audioPlay":false,"sceneViewState":{"m_AlwaysRefresh":false,"showFog":true,"showSkybox":false,"showFlares":true,"showImageEffects":true,"showParticleSystems":true,"showVisualEffectGraphs":true,"m_FxEnabled":true},"in2DMode":false,"pivot":{"x":0.06681133061647415,"y":-0.05214059352874756,"z":1.4444857835769654},"rotation":{"x":0.018007682636380197,"y":-0.011702223680913449,"z":0.0002106854080921039,"w":0.9997746348381043},"size":2.2265357971191408,"orthographic":true}