{"cameraMode":{"drawMode":0,"name":"Shaded","section":"Shading Mode"},"sceneLighting":false,"audioPlay":false,"sceneViewState":{"m_AlwaysRefresh":false,"showFog":true,"showSkybox":false,"showFlares":true,"showImageEffects":true,"showParticleSystems":true,"showVisualEffectGraphs":true,"m_FxEnabled":true},"in2DMode":false,"pivot":{"x":0.12857456505298615,"y":0.09156196564435959,"z":0.4511883556842804},"rotation":{"x":0.043474964797496799,"y":-0.03116990067064762,"z":0.0013555320911109448,"w":0.9985701441764832},"size":1.2392175197601319,"orthographic":false}